

INSERT INTO projects (id, title, category, funding_goal, start_date, end_date) VALUES
(1, "January", "Movie", 100000, "5/1/19", "5/1/24"),
(2, "February", "Music", 250000, "6/1/19", "6/1/24"),
(3, "March", "Movie", 550000, "9/1/20", "9/1/21"),
(4, "April", "Movie", 854300, "3/19/19", "3/21/21"),
(5, "May", "Music", 2000, "9/9/19", "10/10/20"),
(6, "June", "web series", 600000, "6/1/19", "6/25/20"),
(7, "July", "Movie", 100000, "3/1/19", "3/1/29"),
(8, "August", "web series", 100000, "5/11/19", "5/1/20"),
(9, "September", "web series", 800000, "9/1/19", "9/1/24"),
(10, "October", "Movie", 670000, "10/10/19", "10/10/20");

INSERT INTO users (id, name, age) VALUES
(1, "Melissa", 29),
(2, "Alli", 21),
(3, "Chad", 27),
(4, "Todd", 25),
(5, "Reagan", 20),
(6, "Noah", 21),
(7, "Ella", 23),
(8, "Mark", 30),
(9, "Gina", 30),
(10, "Ambre", 25),
(11, "Aubrey", 26),
(12, "Billy", 24),
(13, "Matt", 31),
(14, "Lydia", 20),
(15, "Max", 21),
(16, "Luke", 40),
(17, "Starr", 41),
(18, "Rachel", 19),
(19, "Mitch", 28),
(20, "Zeke", 23);

INSERT INTO pledges (id, amount, user_id, project_id) VALUES
(1, 200, 7, 2),
(2, 2000, 20, 1),
(3, 400, 3, 10),
(4, 50, 20, 9),
(5, 5000, 19, 4),
(6, 200, 3, 5),
(7, 100, 13, 6),
(8, 400, 15, 7),
(9, 100, 3, 8),
(10, 99, 1, 9),
(11, 20, 3, 10),
(12, 300, 2, 1),
(13, 250, 4, 2),
(14, 22, 5, 1),
(15, 2010, 6, 2),
(16, 500, 8, 3),
(17, 100, 9, 4),
(18, 150, 10, 5),
(19, 175, 11, 6),
(20, 200, 12, 7),
(21, 300, 13, 8),
(22, 30, 14, 8),
(23, 40, 15, 8),
(24, 50, 16, 9),
(25, 60, 17, 10),
(26, 75, 18, 2),
(27, 75, 19, 2),
(28, 100, 20, 3),
(29, 40, 11, 1),
(30, 100, 15, 10);
